관측소,Station ID,obs_cd,label,unit,source
이어도,ieodo,온도1,기온,℃,label
이어도,ieodo,온도2,기온,℃,label
이어도,ieodo,상대습도1,습도,%,label
이어도,ieodo,상대습도2,습도,%,label
이어도,ieodo,기압,기압,hPa,label
이어도,ieodo,풍속1,풍속,m/s,label
이어도,ieodo,풍속2,풍속,m/s,label
이어도,ieodo,풍향1,풍향,deg,label
이어도,ieodo,풍향2,풍향,deg,label
이어도,ieodo,돌풍1,돌풍,m/s,label
이어도,ieodo,돌풍2,돌풍,m/s,label
이어도,ieodo,유의파고1,유의파고,m,label
이어도,ieodo,유의파고2,유의파고,m,label
이어도,ieodo,유의파주기1,유의파주기,s,label
이어도,ieodo,유의파주기2,유의파주기,s,label
이어도,ieodo,최대파고1,최대파고,m,label
이어도,ieodo,파향1,파향,deg,label
이어도,ieodo,SBE37SIP_38m_T,수온,℃,label
이어도,ieodo,SBE37SIP_5m_T,수온,℃,label
이어도,ieodo,SBE37_20m_Temp,수온,℃,label
이어도,ieodo,SBE37_5m_Temp,수온,℃,label
이어도,ieodo,수온1,수온,℃,label
이어도,ieodo,수온3,수온,℃,label
이어도,ieodo,수온5,수온,℃,label
이어도,ieodo,SBE37SIP_38m_S,염분,psu,label
이어도,ieodo,SBE37SIP_5m_S,염분,psu,label
이어도,ieodo,SBE37_20m_Sal,염분,psu,label
이어도,ieodo,SBE37_5m_Sal,염분,psu,label
이어도,ieodo,전기전도도1,전도도,S/m,label
이어도,ieodo,전기전도도3,전도도,S/m,label
이어도,ieodo,전기전도도5,전도도,S/m,label
이어도,ieodo,표층유속,표층유속,cm/s,label
이어도,ieodo,표층유향,표층유향,deg,label
이어도,ieodo,일사량,일사량,W/m²,label
이어도,ieodo,자외일사,일사량,W/m²,label
이어도,ieodo,일조시간,일조시간,hr,label
이어도,ieodo,강우계,강우량,mm,label
이어도,ieodo,조위,조위/수위,cm,label
이어도,ieodo,축전지전압,배터리/전원,V,name
이어도,ieodo,AirGap(m),미분류,m,paren
이어도,ieodo,HPIC,미분류,,empty
이어도,ieodo,SBE37SIP_38m_P,미분류,dbar,name
이어도,ieodo,SBE37SIP_5m_P,미분류,dbar,name
이어도,ieodo,수심1,미분류,m,name
이어도,ieodo,수심3,미분류,m,name
이어도,ieodo,수심5,미분류,m,name
이어도,ieodo,운고1,미분류,m,name
이어도,ieodo,운고2,미분류,m,name
이어도,ieodo,운량1,미분류,,empty
이어도,ieodo,운량2,미분류,,empty
이어도,ieodo,유량계_메인,미분류,,empty
이어도,ieodo,유량계_서브,미분류,,empty
가거초,gageocho,온도습도계1 온도,기온,℃,label
가거초,gageocho,온도습도계2 온도,기온,℃,label
가거초,gageocho,온도습도계1 습도,습도,%,label
가거초,gageocho,온도습도계2 습도,습도,%,label
가거초,gageocho,기압계1 기압,기압,hPa,label
가거초,gageocho,기압계2 기압,기압,hPa,label
가거초,gageocho,풍향풍속계1 풍속,풍속,m/s,label
가거초,gageocho,풍향풍속계2 풍속,풍속,m/s,label
가거초,gageocho,풍향풍속계1 풍향,풍향,deg,label
가거초,gageocho,풍향풍속계2 풍향,풍향,deg,label
가거초,gageocho,풍향풍속계1 돌풍,돌풍,m/s,label
가거초,gageocho,Range_유의파고,유의파고,m,label
가거초,gageocho,Wave_유의파고,유의파고,m,label
가거초,gageocho,Range_유의파주기,유의파주기,s,label
가거초,gageocho,Wave_유의파주기,유의파주기,s,label
가거초,gageocho,Range_최대파고,최대파고,m,label
가거초,gageocho,Wave_최대파고,최대파고,m,label
가거초,gageocho,Wave_파향,파향,deg,label
가거초,gageocho,CT_수온,수온,℃,label
가거초,gageocho,CT_염분,염분,psu,label
가거초,gageocho,CT_전도도,전도도,S/m,label
가거초,gageocho,CT_밀도,밀도,kg/m³,label
가거초,gageocho,CT_음속,음속,m/s,label
가거초,gageocho,CO2,CO2,ppm,label
가거초,gageocho,Wave_표층유속,표층유속,cm/s,label
가거초,gageocho,Wave_표층유향,표층유향,deg,label
가거초,gageocho,일사계 일사량,일사량,W/m²,label
가거초,gageocho,자외일사계 일사량,일사량,W/m²,label
가거초,gageocho,일조계 일조량,일조시간,hr,label
가거초,gageocho,강우량계 Rain_mm,강우량,mm,label
가거초,gageocho,강우량계 강우량,강우량,mm,label
가거초,gageocho,Range_조위,조위/수위,cm,label
가거초,gageocho,BATT_V,배터리/전원,V,name
소청초,socheongdo,온도습도계1 온도,기온,℃,label
소청초,socheongdo,온도습도계2 온도,기온,℃,label
소청초,socheongdo,온도습도계1 습도,습도,%,label
소청초,socheongdo,온도습도계2 습도,습도,%,label
소청초,socheongdo,기압계1 기압,기압,hPa,label
소청초,socheongdo,기압계2 기압,기압,hPa,label
소청초,socheongdo,UMB-풍향풍속계 풍속,풍속,m/s,label
소청초,socheongdo,풍향풍속계1 풍속,풍속,m/s,label
소청초,socheongdo,풍향풍속계2 풍속,풍속,m/s,label
소청초,socheongdo,UMB-풍향풍속계 풍향,풍향,deg,label
소청초,socheongdo,풍향풍속계1 풍향,풍향,deg,label
소청초,socheongdo,풍향풍속계2 풍향,풍향,deg,label
소청초,socheongdo,UMB-풍향풍속계 돌풍,돌풍,m/s,label
소청초,socheongdo,풍향풍속계1 돌풍,돌풍,m/s,label
소청초,socheongdo,풍향풍속계2 돌풍,돌풍,m/s,label
소청초,socheongdo,Range_유의파고,유의파고,m,label
소청초,socheongdo,Wave_유의파고,유의파고,m,label
소청초,socheongdo,Range_유의파주기,유의파주기,s,label
소청초,socheongdo,Wave_유의파주기,유의파주기,s,label
소청초,socheongdo,Range_최대파고,최대파고,m,label
소청초,socheongdo,Wave_최대파고,최대파고,m,label
소청초,socheongdo,Wave_파향,파향,deg,label
소청초,socheongdo,CT수온,수온,℃,label
소청초,socheongdo,SBE37SIP_20m_T,수온,℃,label
소청초,socheongdo,SBE37SIP_50m_T,수온,℃,label
소청초,socheongdo,SBE37SIP_5m_T,수온,℃,label
소청초,socheongdo,원격표층수온,수온,℃,label
소청초,socheongdo,CT염분,염분,psu,label
소청초,socheongdo,SBE37SIP_20m_S,염분,psu,label
소청초,socheongdo,SBE37SIP_50m_S,염분,psu,label
소청초,socheongdo,SBE37SIP_5m_S,염분,psu,label
소청초,socheongdo,CT전도도,전도도,S/m,label
소청초,socheongdo,CT밀도,밀도,kg/m³,label
소청초,socheongdo,CT음속,음속,m/s,label
소청초,socheongdo,Wave_표층유속,표층유속,cm/s,label
소청초,socheongdo,Wave_표층유향,표층유향,deg,label
소청초,socheongdo,일사계 일사,일사량,W/m²,label
소청초,socheongdo,자외일사계 자외일사,일사량,W/m²,label
소청초,socheongdo,일조계 일조시간,일조시간,hr,label
소청초,socheongdo,강우량계 강우량,강우량,mm,label
소청초,socheongdo,Range_조위,조위/수위,cm,label
소청초,socheongdo,축전지전압,배터리/전원,V,name
소청초,socheongdo,PM10.AIR,미분류,,empty
소청초,socheongdo,PM10_CONC,미분류,,empty
소청초,socheongdo,PM10_MASS,미분류,,empty
소청초,socheongdo,SBE37SIP_20m_P,미분류,dbar,name
소청초,socheongdo,SBE37SIP_50m_P,미분류,dbar,name
소청초,socheongdo,SBE37SIP_5m_P,미분류,dbar,name
소청초,socheongdo,대기 Aerosol AIR FLOW,미분류,,empty
소청초,socheongdo,대기 Aerosol MASS,미분류,,empty
소청초,socheongdo,대기 Aerosol 농도,미분류,,empty
소청초,socheongdo,블랙카본 AIR FLOW,미분류,,empty
소청초,socheongdo,블랙카본 MASS,미분류,,empty
소청초,socheongdo,블랙카본 농도,미분류,,empty
소청초,socheongdo,시정계1 가시거리,미분류,m,name
소청초,socheongdo,시정계2 가시거리,미분류,m,name
소청초,socheongdo,오존,미분류,,empty
소청초,socheongdo,운고-네째 구름층 높이,미분류,m,name
소청초,socheongdo,운고-네째 구름층 양,미분류,m,name
소청초,socheongdo,운고-다째 구름층 높이,미분류,m,name
소청초,socheongdo,운고-두째 구름층 높이,미분류,m,name
소청초,socheongdo,운고-두째 구름층 양,미분류,m,name
소청초,socheongdo,운고-세째 구름층 높이,미분류,m,name
소청초,socheongdo,운고-세째 구름층 양,미분류,m,name
소청초,socheongdo,운고-첫째 구름층 높이,미분류,m,name
소청초,socheongdo,운고계 운고_1,미분류,m,name
소청초,socheongdo,운고계 운고_2,미분류,m,name
소청초,socheongdo,운고계 운고_3,미분류,m,name
왕돌초,wangdolcho,WDC_WDM_WS1,풍속,m/s,label
왕돌초,wangdolcho,WDC_WDM_WS2,풍속,m/s,label
왕돌초,wangdolcho,WDC_UWS_WS1_GUST,돌풍,m/s,label
왕돌초,wangdolcho,WDC_WDM_WS1_GUST,돌풍,m/s,label
왕돌초,wangdolcho,WDC_WDM_WS2_GUST,돌풍,m/s,label
왕돌초,wangdolcho,WDWHM_Ts,유의파주기,s,label
왕돌초,wangdolcho,WDC_PNORW1_HMAX,최대파고,m,label
왕돌초,wangdolcho,WDC_PNORW2_HMAX,최대파고,m,label
왕돌초,wangdolcho,SOLAR1_TDV,일사량,W/m²,label
왕돌초,wangdolcho,SOLAR2_TDV,일사량,W/m²,label
왕돌초,wangdolcho,SOLAR3_TDV,일사량,W/m²,label
왕돌초,wangdolcho,SOLAR4_TDV,일사량,W/m²,label
왕돌초,wangdolcho,BATTERY1_A,배터리/전원,A,name
왕돌초,wangdolcho,BATTERY1_V,배터리/전원,V,name
왕돌초,wangdolcho,BATTERY2_A,배터리/전원,A,name
왕돌초,wangdolcho,BATTERY2_V,배터리/전원,V,name
왕돌초,wangdolcho,DC12V_IN_V,배터리/전원,V,name
왕돌초,wangdolcho,DC12V_OUT_A,배터리/전원,A,name
왕돌초,wangdolcho,DC12V_OUT_V,배터리/전원,V,name
왕돌초,wangdolcho,DC24V_IN_V,배터리/전원,V,name
왕돌초,wangdolcho,DC24V_OUT_A,배터리/전원,A,name
왕돌초,wangdolcho,DC24V_OUT_V,배터리/전원,V,name
왕돌초,wangdolcho,G1_A_AVG,미분류,A,name
왕돌초,wangdolcho,G1_BATT_V,미분류,V,name
왕돌초,wangdolcho,G1_HZ,미분류,Hz,name
왕돌초,wangdolcho,G1_LL_V_AVG,미분류,V,name
왕돌초,wangdolcho,G1_LN_V_AVG,미분류,V,name
왕돌초,wangdolcho,G1_OIL_Bar,미분류,bar,name
왕돌초,wangdolcho,G1_RPM,미분류,rpm,name
왕돌초,wangdolcho,G1_W_TEMP,미분류,℃,name
왕돌초,wangdolcho,G2_A_AVG,미분류,A,name
왕돌초,wangdolcho,G2_BATT_V,미분류,V,name
왕돌초,wangdolcho,G2_HZ,미분류,Hz,name
왕돌초,wangdolcho,G2_LL_V_AVG,미분류,V,name
왕돌초,wangdolcho,G2_LN_V_AVG,미분류,V,name
왕돌초,wangdolcho,G2_OIL_Bar,미분류,bar,name
왕돌초,wangdolcho,G2_RPM,미분류,rpm,name
왕돌초,wangdolcho,G2_W_TEMP,미분류,℃,name
왕돌초,wangdolcho,L6_BATT_V,미분류,V,name
왕돌초,wangdolcho,L6_OUT_HZ,미분류,Hz,name
왕돌초,wangdolcho,L6_OUT_R_V,미분류,V,name
왕돌초,wangdolcho,L6_OUT_S_V,미분류,V,name
왕돌초,wangdolcho,L6_OUT_T_V,미분류,V,name
왕돌초,wangdolcho,L6_TEMP,미분류,℃,name
왕돌초,wangdolcho,L7_BATT_V,미분류,V,name
왕돌초,wangdolcho,L7_OUT_HZ,미분류,Hz,name
왕돌초,wangdolcho,L7_OUT_R_V,미분류,V,name
왕돌초,wangdolcho,L7_OUT_S_V,미분류,V,name
왕돌초,wangdolcho,L7_OUT_T_V,미분류,V,name
왕돌초,wangdolcho,L7_TEMP,미분류,℃,name
왕돌초,wangdolcho,TANK_LEVEL,미분류,,empty
왕돌초,wangdolcho,WDC_CTD1_CNT,미분류,,empty
왕돌초,wangdolcho,WDC_CTD1_EC,미분류,mS/cm,name
왕돌초,wangdolcho,WDC_CTD1_PSU,미분류,psu,name
왕돌초,wangdolcho,WDC_CTD1_Pa,미분류,dbar,name
왕돌초,wangdolcho,WDC_CTD1_TEMP,미분류,℃,name
왕돌초,wangdolcho,WDC_CTD1_WD,미분류,deg,name
왕돌초,wangdolcho,WDC_CTD2_CNT,미분류,,empty
왕돌초,wangdolcho,WDC_CTD2_EC,미분류,mS/cm,name
왕돌초,wangdolcho,WDC_CTD2_PSU,미분류,psu,name
왕돌초,wangdolcho,WDC_CTD2_Pa,미분류,dbar,name
왕돌초,wangdolcho,WDC_CTD2_TEMP,미분류,℃,name
왕돌초,wangdolcho,WDC_CTD2_WD,미분류,deg,name
왕돌초,wangdolcho,WDC_CTD3_CNT,미분류,,empty
왕돌초,wangdolcho,WDC_CTD3_EC,미분류,mS/cm,name
왕돌초,wangdolcho,WDC_CTD3_PSU,미분류,psu,name
왕돌초,wangdolcho,WDC_CTD3_Pa,미분류,dbar,name
왕돌초,wangdolcho,WDC_CTD3_TEMP,미분류,℃,name
왕돌초,wangdolcho,WDC_CTD4_CNT,미분류,,empty
왕돌초,wangdolcho,WDC_CTD4_EC,미분류,mS/cm,name
왕돌초,wangdolcho,WDC_CTD4_PSU,미분류,psu,name
왕돌초,wangdolcho,WDC_CTD4_Pa,미분류,dbar,name
왕돌초,wangdolcho,WDC_CTD4_TEMP,미분류,℃,name
왕돌초,wangdolcho,WDC_CTD5_CNT,미분류,,empty
왕돌초,wangdolcho,WDC_CTD5_EC,미분류,mS/cm,name
왕돌초,wangdolcho,WDC_CTD5_PSU,미분류,psu,name
왕돌초,wangdolcho,WDC_CTD5_Pa,미분류,dbar,name
왕돌초,wangdolcho,WDC_CTD5_TEMP,미분류,℃,name
왕돌초,wangdolcho,WDC_HMP_RH1,미분류,%,name
왕돌초,wangdolcho,WDC_HMP_RH2,미분류,%,name
왕돌초,wangdolcho,WDC_HMP_TP1,미분류,℃,name
왕돌초,wangdolcho,WDC_HMP_TP2,미분류,℃,name
왕돌초,wangdolcho,WDC_PMS_WM2,미분류,W/m²,name
왕돌초,wangdolcho,WDC_PNORC1_F10_DIR,미분류,deg,name
왕돌초,wangdolcho,WDC_PNORC1_F10_SPEED,미분류,m/s,name
왕돌초,wangdolcho,WDC_PNORC1_F10_VEL1,미분류,m/s,name
왕돌초,wangdolcho,WDC_PNORC1_F10_VEL2,미분류,m/s,name
왕돌초,wangdolcho,WDC_PNORC1_F10_VEL3,미분류,m/s,name
왕돌초,wangdolcho,WDC_PNORC1_F10_VEL4,미분류,m/s,name
왕돌초,wangdolcho,WDC_PNORC1_F15_DIR,미분류,deg,name
왕돌초,wangdolcho,WDC_PNORC1_F15_SPEED,미분류,m/s,name
왕돌초,wangdolcho,WDC_PNORC1_F15_VEL1,미분류,m/s,name
왕돌초,wangdolcho,WDC_PNORC1_F15_VEL2,미분류,m/s,name
왕돌초,wangdolcho,WDC_PNORC1_F15_VEL3,미분류,m/s,name
왕돌초,wangdolcho,WDC_PNORC1_F15_VEL4,미분류,m/s,name
왕돌초,wangdolcho,WDC_PNORC1_F1_DIR,미분류,deg,name
왕돌초,wangdolcho,WDC_PNORC1_F1_SPEED,미분류,m/s,name
왕돌초,wangdolcho,WDC_PNORC1_F1_VEL1,미분류,m/s,name
왕돌초,wangdolcho,WDC_PNORC1_F1_VEL2,미분류,m/s,name
왕돌초,wangdolcho,WDC_PNORC1_F1_VEL3,미분류,m/s,name
왕돌초,wangdolcho,WDC_PNORC1_F1_VEL4,미분류,m/s,name
왕돌초,wangdolcho,WDC_PNORC1_F20_DIR,미분류,deg,name
왕돌초,wangdolcho,WDC_PNORC1_F20_SPEED,미분류,m/s,name
왕돌초,wangdolcho,WDC_PNORC1_F20_VEL1,미분류,m/s,name
왕돌초,wangdolcho,WDC_PNORC1_F20_VEL2,미분류,m/s,name
왕돌초,wangdolcho,WDC_PNORC1_F20_VEL3,미분류,m/s,name
왕돌초,wangdolcho,WDC_PNORC1_F20_VEL4,미분류,m/s,name
왕돌초,wangdolcho,WDC_PNORC1_F5_DIR,미분류,deg,name
왕돌초,wangdolcho,WDC_PNORC1_F5_SPEED,미분류,m/s,name
왕돌초,wangdolcho,WDC_PNORC1_F5_VEL1,미분류,m/s,name
왕돌초,wangdolcho,WDC_PNORC1_F5_VEL2,미분류,m/s,name
왕돌초,wangdolcho,WDC_PNORC1_F5_VEL3,미분류,m/s,name
왕돌초,wangdolcho,WDC_PNORC1_F5_VEL4,미분류,m/s,name
왕돌초,wangdolcho,WDC_PNORC2_F10_DIR,미분류,deg,name
왕돌초,wangdolcho,WDC_PNORC2_F10_SPEED,미분류,m/s,name
왕돌초,wangdolcho,WDC_PNORC2_F10_VEL1,미분류,m/s,name
왕돌초,wangdolcho,WDC_PNORC2_F10_VEL2,미분류,m/s,name
왕돌초,wangdolcho,WDC_PNORC2_F10_VEL3,미분류,m/s,name
왕돌초,wangdolcho,WDC_PNORC2_F10_VEL4,미분류,m/s,name
왕돌초,wangdolcho,WDC_PNORC2_F15_DIR,미분류,deg,name
왕돌초,wangdolcho,WDC_PNORC2_F15_SPEED,미분류,m/s,name
왕돌초,wangdolcho,WDC_PNORC2_F15_VEL1,미분류,m/s,name
왕돌초,wangdolcho,WDC_PNORC2_F15_VEL2,미분류,m/s,name
왕돌초,wangdolcho,WDC_PNORC2_F15_VEL3,미분류,m/s,name
왕돌초,wangdolcho,WDC_PNORC2_F15_VEL4,미분류,m/s,name
왕돌초,wangdolcho,WDC_PNORC2_F1_DIR,미분류,deg,name
왕돌초,wangdolcho,WDC_PNORC2_F1_SPEED,미분류,m/s,name
왕돌초,wangdolcho,WDC_PNORC2_F1_VEL1,미분류,m/s,name
왕돌초,wangdolcho,WDC_PNORC2_F1_VEL2,미분류,m/s,name
왕돌초,wangdolcho,WDC_PNORC2_F1_VEL3,미분류,m/s,name
왕돌초,wangdolcho,WDC_PNORC2_F1_VEL4,미분류,m/s,name
왕돌초,wangdolcho,WDC_PNORC2_F20_DIR,미분류,deg,name
왕돌초,wangdolcho,WDC_PNORC2_F20_SPEED,미분류,m/s,name
왕돌초,wangdolcho,WDC_PNORC2_F20_VEL1,미분류,m/s,name
왕돌초,wangdolcho,WDC_PNORC2_F20_VEL2,미분류,m/s,name
왕돌초,wangdolcho,WDC_PNORC2_F20_VEL3,미분류,m/s,name
왕돌초,wangdolcho,WDC_PNORC2_F20_VEL4,미분류,m/s,name
왕돌초,wangdolcho,WDC_PNORC2_F5_DIR,미분류,deg,name
왕돌초,wangdolcho,WDC_PNORC2_F5_SPEED,미분류,m/s,name
왕돌초,wangdolcho,WDC_PNORC2_F5_VEL1,미분류,m/s,name
왕돌초,wangdolcho,WDC_PNORC2_F5_VEL2,미분류,m/s,name
왕돌초,wangdolcho,WDC_PNORC2_F5_VEL3,미분류,m/s,name
왕돌초,wangdolcho,WDC_PNORC2_F5_VEL4,미분류,m/s,name
왕돌초,wangdolcho,WDC_PNORW1_DIRTP,미분류,deg,name
왕돌초,wangdolcho,WDC_PNORW1_HM0,미분류,m,name
왕돌초,wangdolcho,WDC_PNORW1_TM02,미분류,s,name
왕돌초,wangdolcho,WDC_PNORW2_DIRTP,미분류,deg,name
왕돌초,wangdolcho,WDC_PNORW2_HM0,미분류,m,name
왕돌초,wangdolcho,WDC_PNORW2_TM02,미분류,s,name
왕돌초,wangdolcho,WDC_PTB_PS1,미분류,hPa,name
왕돌초,wangdolcho,WDC_PTB_PS2,미분류,hPa,name
왕돌초,wangdolcho,WDC_PWV_VIS1,미분류,m,name
왕돌초,wangdolcho,WDC_RFP_MM1,미분류,mm,name
왕돌초,wangdolcho,WDC_SDS_SL1,미분류,m,name
왕돌초,wangdolcho,WDC_UVR_WM2,미분류,W/m²,name
왕돌초,wangdolcho,WDC_UWS_WD1,미분류,deg,name
왕돌초,wangdolcho,WDC_UWS_WS1,미분류,m/s,name
왕돌초,wangdolcho,WDC_WDM_WD1,미분류,deg,name
왕돌초,wangdolcho,WDC_WDM_WD2,미분류,deg,name
황해0,hwanghae0,YSB00_atmp,기온,℃,label
황해0,hwanghae0,YSB00_ahum,습도,%,label
황해0,hwanghae0,YSB00_aprs,기압,hPa,label
황해0,hwanghae0,YSB00_wspd,풍속,m/s,label
황해0,hwanghae0,YSB00_widr,풍향,deg,label
황해0,hwanghae0,YSB00_wgst,돌풍,m/s,label
황해0,hwanghae0,YSB00_hs,유의파고,m,label
황해0,hwanghae0,YSB00_ts,유의파주기,s,label
황해0,hwanghae0,YSB00_hmax,최대파고,m,label
황해0,hwanghae0,YSB00_wtmp,수온,℃,label
황해0,hwanghae0,YSB00_sali,염분,psu,label
황해1,hwanghae1,온습도_대기온도1,기온,℃,label
황해1,hwanghae1,온습도_대기온도2,기온,℃,label
황해1,hwanghae1,내부습도(%),습도,%,paren
황해1,hwanghae1,온습도_습도1,습도,%,label
황해1,hwanghae1,온습도_습도2,습도,%,label
황해1,hwanghae1,내부기압(0.1mbar),기압,0.1mbar,paren
황해1,hwanghae1,온습도_기압,기압,hPa,label
황해1,hwanghae1,온습도_기압2,기압,hPa,label
황해1,hwanghae1,Wind1_Speed (m/s),풍속,m/s,paren
황해1,hwanghae1,Wind2 Speed (m/s),풍속,m/s,paren
황해1,hwanghae1,Wind1_Direction,풍향,deg,label
황해1,hwanghae1,Wind2_Direction,풍향,deg,label
황해1,hwanghae1,Wind1_GUST (m/s),돌풍,m/s,paren
황해1,hwanghae1,Wind2 GUST (m/s),돌풍,m/s,paren
황해1,hwanghae1,WaveUnit_유의파고(m),유의파고,m,paren
황해1,hwanghae1,WaveUnit_유의파주기(s),유의파주기,s,paren
황해1,hwanghae1,WaveUnit_최대파고(m),최대파고,m,paren
황해1,hwanghae1,WaveUnit_최대파주기(s),최대파주기,s,paren
황해1,hwanghae1,WaveUnit_파향(deg.),파향,deg,paren
황해1,hwanghae1,SBE37_Temp(℃),수온,℃,paren
황해1,hwanghae1,SeaPhOX Temp.,수온,℃,label
황해1,hwanghae1,SeaPhOX_CTD Temp.,수온,℃,label
황해1,hwanghae1,SeaPhOX_Internal Temp.,수온,℃,label
황해1,hwanghae1,SBE37_Salinity,염분,psu,label
황해1,hwanghae1,SeaPhOX_CTD salinity(psu),염분,psu,paren
황해1,hwanghae1,SBE37_Cond(S/cm),전도도,S/cm,paren
황해1,hwanghae1,SeaPhOX_CTD cond(S/m),전도도,S/m,paren
황해1,hwanghae1,SeaPhOX_Ext PH,pH,,empty
황해1,hwanghae1,SeaPhOX_Int PH,pH,,empty
황해1,hwanghae1,FLNTUS_클로로필,클로로필,μg/L,label
황해1,hwanghae1,FLNTUS_탁도,탁도,NTU,label
황해1,hwanghae1,ADCP_Bin 1 East West,ADCP 해류,cm/s,label
황해1,hwanghae1,ADCP_Bin 1 Error,ADCP 해류,,empty
황해1,hwanghae1,ADCP_Bin 1 North South,ADCP 해류,cm/s,label
황해1,hwanghae1,ADCP_Bin 1 Vert,ADCP 해류,cm/s,label
황해1,hwanghae1,ADCP_Bin 10 East West,ADCP 해류,cm/s,label
황해1,hwanghae1,ADCP_Bin 10 Error,ADCP 해류,,empty
황해1,hwanghae1,ADCP_Bin 10 North South,ADCP 해류,cm/s,label
황해1,hwanghae1,ADCP_Bin 10 Vert,ADCP 해류,cm/s,label
황해1,hwanghae1,ADCP_Bin 11 East West,ADCP 해류,cm/s,label
황해1,hwanghae1,ADCP_Bin 11 Error,ADCP 해류,,empty
황해1,hwanghae1,ADCP_Bin 11 North South,ADCP 해류,cm/s,label
황해1,hwanghae1,ADCP_Bin 11 Vert,ADCP 해류,cm/s,label
황해1,hwanghae1,ADCP_Bin 12 East West,ADCP 해류,cm/s,label
황해1,hwanghae1,ADCP_Bin 12 Error,ADCP 해류,,empty
황해1,hwanghae1,ADCP_Bin 12 North South,ADCP 해류,cm/s,label
황해1,hwanghae1,ADCP_Bin 12 Vert,ADCP 해류,cm/s,label
황해1,hwanghae1,ADCP_Bin 13 East West,ADCP 해류,cm/s,label
황해1,hwanghae1,ADCP_Bin 13 Error,ADCP 해류,,empty
황해1,hwanghae1,ADCP_Bin 13 North South,ADCP 해류,cm/s,label
황해1,hwanghae1,ADCP_Bin 13 Vert,ADCP 해류,cm/s,label
황해1,hwanghae1,ADCP_Bin 14 East West,ADCP 해류,cm/s,label
황해1,hwanghae1,ADCP_Bin 14 Error,ADCP 해류,,empty
황해1,hwanghae1,ADCP_Bin 14 North South,ADCP 해류,cm/s,label
황해1,hwanghae1,ADCP_Bin 14 Vert,ADCP 해류,cm/s,label
황해1,hwanghae1,ADCP_Bin 15 East West,ADCP 해류,cm/s,label
황해1,hwanghae1,ADCP_Bin 15 Error,ADCP 해류,,empty
황해1,hwanghae1,ADCP_Bin 15 North South,ADCP 해류,cm/s,label
황해1,hwanghae1,ADCP_Bin 15 Vert,ADCP 해류,cm/s,label
황해1,hwanghae1,ADCP_Bin 16 East West,ADCP 해류,cm/s,label
황해1,hwanghae1,ADCP_Bin 16 Error,ADCP 해류,,empty
황해1,hwanghae1,ADCP_Bin 16 North South,ADCP 해류,cm/s,label
황해1,hwanghae1,ADCP_Bin 16 Vert,ADCP 해류,cm/s,label
황해1,hwanghae1,ADCP_Bin 17 East West,ADCP 해류,cm/s,label
황해1,hwanghae1,ADCP_Bin 17 Error,ADCP 해류,,empty
황해1,hwanghae1,ADCP_Bin 17 North South,ADCP 해류,cm/s,label
황해1,hwanghae1,ADCP_Bin 17 Vert,ADCP 해류,cm/s,label
황해1,hwanghae1,ADCP_Bin 18 East West,ADCP 해류,cm/s,label
황해1,hwanghae1,ADCP_Bin 18 Error,ADCP 해류,,empty
황해1,hwanghae1,ADCP_Bin 18 North South,ADCP 해류,cm/s,label
황해1,hwanghae1,ADCP_Bin 18 Vert,ADCP 해류,cm/s,label
황해1,hwanghae1,ADCP_Bin 19 East West,ADCP 해류,cm/s,label
황해1,hwanghae1,ADCP_Bin 19 Error,ADCP 해류,,empty
황해1,hwanghae1,ADCP_Bin 19 North South,ADCP 해류,cm/s,label
황해1,hwanghae1,ADCP_Bin 19 Vert,ADCP 해류,cm/s,label
황해1,hwanghae1,ADCP_Bin 2 East West,ADCP 해류,cm/s,label
황해1,hwanghae1,ADCP_Bin 2 Error,ADCP 해류,,empty
황해1,hwanghae1,ADCP_Bin 2 North South,ADCP 해류,cm/s,label
황해1,hwanghae1,ADCP_Bin 2 Vert,ADCP 해류,cm/s,label
황해1,hwanghae1,ADCP_Bin 20 East West,ADCP 해류,cm/s,label
황해1,hwanghae1,ADCP_Bin 20 Error,ADCP 해류,,empty
황해1,hwanghae1,ADCP_Bin 20 North South,ADCP 해류,cm/s,label
황해1,hwanghae1,ADCP_Bin 20 Vert,ADCP 해류,cm/s,label
황해1,hwanghae1,ADCP_Bin 21 East West,ADCP 해류,cm/s,label
황해1,hwanghae1,ADCP_Bin 21 Error,ADCP 해류,,empty
황해1,hwanghae1,ADCP_Bin 21 North South,ADCP 해류,cm/s,label
황해1,hwanghae1,ADCP_Bin 21 Vert,ADCP 해류,cm/s,label
황해1,hwanghae1,ADCP_Bin 22 East West,ADCP 해류,cm/s,label
황해1,hwanghae1,ADCP_Bin 22 Error,ADCP 해류,,empty
황해1,hwanghae1,ADCP_Bin 22 North South,ADCP 해류,cm/s,label
황해1,hwanghae1,ADCP_Bin 22 Vert,ADCP 해류,cm/s,label
황해1,hwanghae1,ADCP_Bin 23 East West,ADCP 해류,cm/s,label
황해1,hwanghae1,ADCP_Bin 23 Error,ADCP 해류,,empty
황해1,hwanghae1,ADCP_Bin 23 North South,ADCP 해류,cm/s,label
황해1,hwanghae1,ADCP_Bin 23 Vert,ADCP 해류,cm/s,label
황해1,hwanghae1,ADCP_Bin 24 East West,ADCP 해류,cm/s,label
황해1,hwanghae1,ADCP_Bin 24 Error,ADCP 해류,,empty
황해1,hwanghae1,ADCP_Bin 24 North South,ADCP 해류,cm/s,label
황해1,hwanghae1,ADCP_Bin 24 Vert,ADCP 해류,cm/s,label
황해1,hwanghae1,ADCP_Bin 25 East West,ADCP 해류,cm/s,label
황해1,hwanghae1,ADCP_Bin 25 Error,ADCP 해류,,empty
황해1,hwanghae1,ADCP_Bin 25 North South,ADCP 해류,cm/s,label
황해1,hwanghae1,ADCP_Bin 25 Vert,ADCP 해류,cm/s,label
황해1,hwanghae1,ADCP_Bin 26 East West,ADCP 해류,cm/s,label
황해1,hwanghae1,ADCP_Bin 26 Error,ADCP 해류,,empty
황해1,hwanghae1,ADCP_Bin 26 North South,ADCP 해류,cm/s,label
황해1,hwanghae1,ADCP_Bin 26 Vert,ADCP 해류,cm/s,label
황해1,hwanghae1,ADCP_Bin 27 East West,ADCP 해류,cm/s,label
황해1,hwanghae1,ADCP_Bin 27 Error,ADCP 해류,,empty
황해1,hwanghae1,ADCP_Bin 27 North South,ADCP 해류,cm/s,label
황해1,hwanghae1,ADCP_Bin 27 Vert,ADCP 해류,cm/s,label
황해1,hwanghae1,ADCP_Bin 28 East West,ADCP 해류,cm/s,label
황해1,hwanghae1,ADCP_Bin 28 Error,ADCP 해류,,empty
황해1,hwanghae1,ADCP_Bin 28 North South,ADCP 해류,cm/s,label
황해1,hwanghae1,ADCP_Bin 28 Vert,ADCP 해류,cm/s,label
황해1,hwanghae1,ADCP_Bin 29 East West,ADCP 해류,cm/s,label
황해1,hwanghae1,ADCP_Bin 29 Error,ADCP 해류,,empty
황해1,hwanghae1,ADCP_Bin 29 North South,ADCP 해류,cm/s,label
황해1,hwanghae1,ADCP_Bin 29 Vert,ADCP 해류,cm/s,label
황해1,hwanghae1,ADCP_Bin 3 East West,ADCP 해류,cm/s,label
황해1,hwanghae1,ADCP_Bin 3 Error,ADCP 해류,,empty
황해1,hwanghae1,ADCP_Bin 3 North South,ADCP 해류,cm/s,label
황해1,hwanghae1,ADCP_Bin 3 Vert,ADCP 해류,cm/s,label
황해1,hwanghae1,ADCP_Bin 30 East West,ADCP 해류,cm/s,label
황해1,hwanghae1,ADCP_Bin 30 Error,ADCP 해류,,empty
황해1,hwanghae1,ADCP_Bin 30 North South,ADCP 해류,cm/s,label
황해1,hwanghae1,ADCP_Bin 30 Vert,ADCP 해류,cm/s,label
황해1,hwanghae1,ADCP_Bin 31 East West,ADCP 해류,cm/s,label
황해1,hwanghae1,ADCP_Bin 31 Error,ADCP 해류,,empty
황해1,hwanghae1,ADCP_Bin 31 North South,ADCP 해류,cm/s,label
황해1,hwanghae1,ADCP_Bin 31 Vert,ADCP 해류,cm/s,label
황해1,hwanghae1,ADCP_Bin 32 East West,ADCP 해류,cm/s,label
황해1,hwanghae1,ADCP_Bin 32 Error,ADCP 해류,,empty
황해1,hwanghae1,ADCP_Bin 32 North South,ADCP 해류,cm/s,label
황해1,hwanghae1,ADCP_Bin 32 Vert,ADCP 해류,cm/s,label
황해1,hwanghae1,ADCP_Bin 33 East West,ADCP 해류,cm/s,label
황해1,hwanghae1,ADCP_Bin 33 Error,ADCP 해류,,empty
황해1,hwanghae1,ADCP_Bin 33 North South,ADCP 해류,cm/s,label
황해1,hwanghae1,ADCP_Bin 33 Vert,ADCP 해류,cm/s,label
황해1,hwanghae1,ADCP_Bin 34 East West,ADCP 해류,cm/s,label
황해1,hwanghae1,ADCP_Bin 34 Error,ADCP 해류,,empty
황해1,hwanghae1,ADCP_Bin 34 North South,ADCP 해류,cm/s,label
황해1,hwanghae1,ADCP_Bin 34 Vert,ADCP 해류,cm/s,label
황해1,hwanghae1,ADCP_Bin 35 East West,ADCP 해류,cm/s,label
황해1,hwanghae1,ADCP_Bin 35 Error,ADCP 해류,,empty
황해1,hwanghae1,ADCP_Bin 35 North South,ADCP 해류,cm/s,label
황해1,hwanghae1,ADCP_Bin 35 Vert,ADCP 해류,cm/s,label
황해1,hwanghae1,ADCP_Bin 36 East West,ADCP 해류,cm/s,label
황해1,hwanghae1,ADCP_Bin 36 Error,ADCP 해류,,empty
황해1,hwanghae1,ADCP_Bin 36 North South,ADCP 해류,cm/s,label
황해1,hwanghae1,ADCP_Bin 36 Vert,ADCP 해류,cm/s,label
황해1,hwanghae1,ADCP_Bin 37 East West,ADCP 해류,cm/s,label
황해1,hwanghae1,ADCP_Bin 37 Error,ADCP 해류,,empty
황해1,hwanghae1,ADCP_Bin 37 North South,ADCP 해류,cm/s,label
황해1,hwanghae1,ADCP_Bin 37 Vert,ADCP 해류,cm/s,label
황해1,hwanghae1,ADCP_Bin 38 East West,ADCP 해류,cm/s,label
황해1,hwanghae1,ADCP_Bin 38 Error,ADCP 해류,,empty
황해1,hwanghae1,ADCP_Bin 38 North South,ADCP 해류,cm/s,label
황해1,hwanghae1,ADCP_Bin 38 Vert,ADCP 해류,cm/s,label
황해1,hwanghae1,ADCP_Bin 39 East West,ADCP 해류,cm/s,label
황해1,hwanghae1,ADCP_Bin 39 Error,ADCP 해류,,empty
황해1,hwanghae1,ADCP_Bin 39 North South,ADCP 해류,cm/s,label
황해1,hwanghae1,ADCP_Bin 39 Vert,ADCP 해류,cm/s,label
황해1,hwanghae1,ADCP_Bin 4 East West,ADCP 해류,cm/s,label
황해1,hwanghae1,ADCP_Bin 4 Error,ADCP 해류,,empty
황해1,hwanghae1,ADCP_Bin 4 North South,ADCP 해류,cm/s,label
황해1,hwanghae1,ADCP_Bin 4 Vert,ADCP 해류,cm/s,label
황해1,hwanghae1,ADCP_Bin 40 East West,ADCP 해류,cm/s,label
황해1,hwanghae1,ADCP_Bin 40 Error,ADCP 해류,,empty
황해1,hwanghae1,ADCP_Bin 40 North South,ADCP 해류,cm/s,label
황해1,hwanghae1,ADCP_Bin 40 Vert,ADCP 해류,cm/s,label
황해1,hwanghae1,ADCP_Bin 5 East West,ADCP 해류,cm/s,label
황해1,hwanghae1,ADCP_Bin 5 Error,ADCP 해류,,empty
황해1,hwanghae1,ADCP_Bin 5 North South,ADCP 해류,cm/s,label
황해1,hwanghae1,ADCP_Bin 5 Vert,ADCP 해류,cm/s,label
황해1,hwanghae1,ADCP_Bin 6 East West,ADCP 해류,cm/s,label
황해1,hwanghae1,ADCP_Bin 6 Error,ADCP 해류,,empty
황해1,hwanghae1,ADCP_Bin 6 North South,ADCP 해류,cm/s,label
황해1,hwanghae1,ADCP_Bin 6 Vert,ADCP 해류,cm/s,label
황해1,hwanghae1,ADCP_Bin 7 East West,ADCP 해류,cm/s,label
황해1,hwanghae1,ADCP_Bin 7 Error,ADCP 해류,,empty
황해1,hwanghae1,ADCP_Bin 7 North South,ADCP 해류,cm/s,label
황해1,hwanghae1,ADCP_Bin 7 Vert,ADCP 해류,cm/s,label
황해1,hwanghae1,ADCP_Bin 8 East West,ADCP 해류,cm/s,label
황해1,hwanghae1,ADCP_Bin 8 Error,ADCP 해류,,empty
황해1,hwanghae1,ADCP_Bin 8 North South,ADCP 해류,cm/s,label
황해1,hwanghae1,ADCP_Bin 8 Vert,ADCP 해류,cm/s,label
황해1,hwanghae1,ADCP_Bin 9 East West,ADCP 해류,cm/s,label
황해1,hwanghae1,ADCP_Bin 9 Error,ADCP 해류,,empty
황해1,hwanghae1,ADCP_Bin 9 North South,ADCP 해류,cm/s,label
황해1,hwanghae1,ADCP_Bin 9 Vert,ADCP 해류,cm/s,label
황해1,hwanghae1,ADCP_Heading,ADCP 해류,cm/s,label
황해1,hwanghae1,ADCP_Pitching,ADCP 해류,cm/s,label
황해1,hwanghae1,ADCP_Rolling,ADCP 해류,cm/s,label
황해1,hwanghae1,ADCP_Temp,ADCP 해류,cm/s,label
황해1,hwanghae1,CGR4 Converted data,복사량,W/m²,label
황해1,hwanghae1,CGR4 raw data,복사량,W/m²,label
황해1,hwanghae1,CMP21,복사량,W/m²,label
황해1,hwanghae1,CUV5,복사량,W/m²,label
황해1,hwanghae1,B Block Batt,배터리/전원,V,name
황해1,hwanghae1,부이전압(V),배터리/전원,V,name
황해1,hwanghae1,GPS quality,GPS,,empty
황해1,hwanghae1,GPS_Course deg,GPS,deg,name
황해1,hwanghae1,GPS_Number,GPS,,empty
황해1,hwanghae1,GPS_Speed (km/h),GPS,km/h,paren
황해1,hwanghae1,GPS_경도,GPS,deg,name
황해1,hwanghae1,GPS_날짜,GPS,,empty
황해1,hwanghae1,GPS_시간,GPS,,empty
황해1,hwanghae1,GPS_위도,GPS,deg,name
황해1,hwanghae1,Compass (deg),미분류,deg,paren
황해1,hwanghae1,Compass Option,미분류,,empty
황해1,hwanghae1,SBE37_Pressure,미분류,dbar,name
황해1,hwanghae1,SeaPhOX_CTD oxygen(ml/L),미분류,ml/L,paren
황해1,hwanghae1,SeaPhOX_CTD pres(dbar),미분류,dbar,paren
황해1,hwanghae1,SeaPhOX_RH (%),미분류,%,paren
황해1,hwanghae1,SeaPhOX_date,미분류,,empty
황해1,hwanghae1,WaveUnit_평균파고(m),미분류,m,paren
황해1,hwanghae1,WaveUnit_평균파주기(s),미분류,s,paren
황해1,hwanghae1,개폐S/R-1,미분류,,empty
황해1,hwanghae1,개폐S/R-2,미분류,,empty
황해1,hwanghae1,개폐S/R-3,미분류,,empty
황해1,hwanghae1,개폐S/R-4,미분류,,empty
황해1,hwanghae1,내부온도(℃,미분류,℃,name
황해1,hwanghae1,등명기,미분류,,empty
황해1,hwanghae1,시정값(m),미분류,m,paren
황해1,hwanghae1,온도센서,미분류,℃,name
황해1,hwanghae1,침수S/R-1,미분류,,empty
황해1,hwanghae1,침수S/R-2,미분류,,empty
황해1,hwanghae1,침수S/R-3,미분류,,empty
황해1,hwanghae1,침수S/R-4,미분류,,empty
황해2,hwanghae2,온습도_대기온도1,기온,℃,label
황해2,hwanghae2,온습도_대기온도2,기온,℃,label
황해2,hwanghae2,온습도_대기온도3,기온,℃,label
황해2,hwanghae2,내부습도(%),습도,%,paren
황해2,hwanghae2,온습도_습도1,습도,%,label
황해2,hwanghae2,온습도_습도2,습도,%,label
황해2,hwanghae2,온습도_습도3,습도,%,label
황해2,hwanghae2,내부기압(0.1mbar),기압,0.1mbar,paren
황해2,hwanghae2,온습도_기압1,기압,hPa,label
황해2,hwanghae2,온습도_기압2,기압,hPa,label
황해2,hwanghae2,온습도_기압3,기압,hPa,label
황해2,hwanghae2,Wind1_Speed (m/s),풍속,m/s,paren
황해2,hwanghae2,Wind2 Speed (m/s),풍속,m/s,paren
황해2,hwanghae2,Wind3 Speed (m/s),풍속,m/s,paren
황해2,hwanghae2,Wind1_Direction,풍향,deg,label
황해2,hwanghae2,Wind2_Direction,풍향,deg,label
황해2,hwanghae2,Wind3_Direction,풍향,deg,label
황해2,hwanghae2,Wind1_GUST (m/s),돌풍,m/s,paren
황해2,hwanghae2,Wind2 GUST (m/s),돌풍,m/s,paren
황해2,hwanghae2,Wind3 GUST (m/s),돌풍,m/s,paren
황해2,hwanghae2,WaveUnit_유의파고(m),유의파고,m,paren
황해2,hwanghae2,WaveUnit_유의파주기(s),유의파주기,s,paren
황해2,hwanghae2,WaveUnit_최대파고(m),최대파고,m,paren
황해2,hwanghae2,WaveUnit_최대파주기(s),최대파주기,s,paren
황해2,hwanghae2,WaveUnit_파향(deg.),파향,deg,paren
황해2,hwanghae2,SBE37_Temp(℃),수온,℃,paren
황해2,hwanghae2,SBE37_Salinity,염분,psu,label
황해2,hwanghae2,SBE37_Cond(S/cm),전도도,S/cm,paren
황해2,hwanghae2,FLNTUS_클로로필,클로로필,μg/L,label
황해2,hwanghae2,FLNTUS_탁도,탁도,NTU,label
황해2,hwanghae2,일사량,일사량,W/m²,label
황해2,hwanghae2,자외선량,자외/UV,W/m²,label
황해2,hwanghae2,지구복사량,복사량,W/m²,label
황해2,hwanghae2,지구복사량_Raw,복사량,W/m²,label
황해2,hwanghae2,부이전압(V),배터리/전원,V,name
황해2,hwanghae2,GPS_Course deg,GPS,deg,name
황해2,hwanghae2,GPS_Number,GPS,,empty
황해2,hwanghae2,GPS_Speed (km/h),GPS,km/h,paren
황해2,hwanghae2,GPS_경도,GPS,deg,name
황해2,hwanghae2,GPS_날짜,GPS,,empty
황해2,hwanghae2,GPS_시간,GPS,,empty
황해2,hwanghae2,GPS_위도,GPS,deg,name
황해2,hwanghae2,SBE37_Pressure,미분류,dbar,name
황해2,hwanghae2,WaveUnit_평균파고(m),미분류,m,paren
황해2,hwanghae2,WaveUnit_평균파주기(s),미분류,s,paren
황해2,hwanghae2,개폐S/R-1,미분류,,empty
황해2,hwanghae2,개폐S/R-2,미분류,,empty
황해2,hwanghae2,개폐S/R-3,미분류,,empty
황해2,hwanghae2,개폐S/R-4,미분류,,empty
황해2,hwanghae2,내부온도(℃,미분류,℃,name
황해2,hwanghae2,시정값(m),미분류,m,paren
황해2,hwanghae2,온도센서,미분류,℃,name
황해2,hwanghae2,침수S/R-1,미분류,,empty
황해2,hwanghae2,침수S/R-2,미분류,,empty
황해2,hwanghae2,침수S/R-3,미분류,,empty
황해2,hwanghae2,침수S/R-4,미분류,,empty
황해3,hwanghae3,온습도_대기온도1,기온,℃,label
황해3,hwanghae3,온습도_대기온도2,기온,℃,label
황해3,hwanghae3,온습도_대기온도3,기온,℃,label
황해3,hwanghae3,내부습도(%),습도,%,paren
황해3,hwanghae3,온습도_습도1,습도,%,label
황해3,hwanghae3,온습도_습도2,습도,%,label
황해3,hwanghae3,온습도_습도3,습도,%,label
황해3,hwanghae3,내부기압(0.1mbar),기압,0.1mbar,paren
황해3,hwanghae3,온습도_기압1,기압,hPa,label
황해3,hwanghae3,온습도_기압2,기압,hPa,label
황해3,hwanghae3,온습도_기압3,기압,hPa,label
황해3,hwanghae3,Wind1_Speed (m/s),풍속,m/s,paren
황해3,hwanghae3,Wind2 Speed (m/s),풍속,m/s,paren
황해3,hwanghae3,Wind3 Speed (m/s),풍속,m/s,paren
황해3,hwanghae3,Wind1_Direction,풍향,deg,label
황해3,hwanghae3,Wind2_Direction,풍향,deg,label
황해3,hwanghae3,Wind3_Direction,풍향,deg,label
황해3,hwanghae3,Wind1_GUST (m/s),돌풍,m/s,paren
황해3,hwanghae3,Wind2 GUST (m/s),돌풍,m/s,paren
황해3,hwanghae3,Wind3 GUST (m/s),돌풍,m/s,paren
황해3,hwanghae3,WaveUnit_유의파고(m),유의파고,m,paren
황해3,hwanghae3,WaveUnit_유의파주기(s),유의파주기,s,paren
황해3,hwanghae3,WaveUnit_최대파고(m),최대파고,m,paren
황해3,hwanghae3,WaveUnit_최대파주기(s),최대파주기,s,paren
황해3,hwanghae3,WaveUnit_파향(deg.),파향,deg,paren
황해3,hwanghae3,SBE37_Temp(℃),수온,℃,paren
황해3,hwanghae3,SBE37_Salinity,염분,psu,label
황해3,hwanghae3,SBE37_Cond(S/cm),전도도,S/cm,paren
황해3,hwanghae3,FLNTUS_클로로필,클로로필,μg/L,label
황해3,hwanghae3,FLNTUS_탁도,탁도,NTU,label
황해3,hwanghae3,일사량,일사량,W/m²,label
황해3,hwanghae3,자외선량,자외/UV,W/m²,label
황해3,hwanghae3,지구복사량,복사량,W/m²,label
황해3,hwanghae3,지구복사량_Raw,복사량,W/m²,label
황해3,hwanghae3,부이전압(V),배터리/전원,V,name
황해3,hwanghae3,GPS_Course deg,GPS,deg,name
황해3,hwanghae3,GPS_Number,GPS,,empty
황해3,hwanghae3,GPS_Speed (km/h),GPS,km/h,paren
황해3,hwanghae3,GPS_경도,GPS,deg,name
황해3,hwanghae3,GPS_날짜,GPS,,empty
황해3,hwanghae3,GPS_시간,GPS,,empty
황해3,hwanghae3,GPS_위도,GPS,deg,name
황해3,hwanghae3,SBE37_Pressure,미분류,dbar,name
황해3,hwanghae3,WaveUnit_평균파고(m),미분류,m,paren
황해3,hwanghae3,WaveUnit_평균파주기(s),미분류,s,paren
황해3,hwanghae3,개폐S/R-1,미분류,,empty
황해3,hwanghae3,개폐S/R-2,미분류,,empty
황해3,hwanghae3,개폐S/R-3,미분류,,empty
황해3,hwanghae3,개폐S/R-4,미분류,,empty
황해3,hwanghae3,내부온도(℃,미분류,℃,name
황해3,hwanghae3,시정값(m),미분류,m,paren
황해3,hwanghae3,온도센서,미분류,℃,name
황해3,hwanghae3,침수S/R-1,미분류,,empty
황해3,hwanghae3,침수S/R-2,미분류,,empty
황해3,hwanghae3,침수S/R-3,미분류,,empty
황해3,hwanghae3,침수S/R-4,미분류,,empty
제주남부1,jejunambu1,온습도_대기온도1,기온,℃,label
제주남부1,jejunambu1,온습도_대기온도2,기온,℃,label
제주남부1,jejunambu1,내부습도(%),습도,%,paren
제주남부1,jejunambu1,온습도_습도1,습도,%,label
제주남부1,jejunambu1,온습도_습도2,습도,%,label
제주남부1,jejunambu1,내부기압(0.1mbar),기압,0.1mbar,paren
제주남부1,jejunambu1,온습도_기압,기압,hPa,label
제주남부1,jejunambu1,온습도_기압2,기압,hPa,label
제주남부1,jejunambu1,Wind1_Speed (m/s),풍속,m/s,paren
제주남부1,jejunambu1,Wind2 Speed (m/s),풍속,m/s,paren
제주남부1,jejunambu1,Wind1_Direction,풍향,deg,label
제주남부1,jejunambu1,Wind2_Direction,풍향,deg,label
제주남부1,jejunambu1,Wind1_GUST (m/s),돌풍,m/s,paren
제주남부1,jejunambu1,Wind2 GUST (m/s),돌풍,m/s,paren
제주남부1,jejunambu1,WaveUnit_유의파고(m),유의파고,m,paren
제주남부1,jejunambu1,WaveUnit_유의파주기(s),유의파주기,s,paren
제주남부1,jejunambu1,WaveUnit_최대파고(m),최대파고,m,paren
제주남부1,jejunambu1,WaveUnit_최대파주기(s),최대파주기,s,paren
제주남부1,jejunambu1,WaveUnit_파향(deg.),파향,deg,paren
제주남부1,jejunambu1,SBE37_Temp(℃),수온,℃,paren
제주남부1,jejunambu1,SeaPhOX Temp.,수온,℃,label
제주남부1,jejunambu1,SeaPhOX_CTD Temp.,수온,℃,label
제주남부1,jejunambu1,SeaPhOX_Internal Temp.,수온,℃,label
제주남부1,jejunambu1,SBE37_Salinity,염분,psu,label
제주남부1,jejunambu1,SeaPhOX_CTD salinity(psu),염분,psu,paren
제주남부1,jejunambu1,SBE37_Cond(S/cm),전도도,S/cm,paren
제주남부1,jejunambu1,SeaPhOX_CTD cond(S/m),전도도,S/m,paren
제주남부1,jejunambu1,SeaPhOX_Ext PH,pH,,empty
제주남부1,jejunambu1,SeaPhOX_Int PH,pH,,empty
제주남부1,jejunambu1,FLNTUS_클로로필,클로로필,μg/L,label
제주남부1,jejunambu1,FLNTUS_탁도,탁도,NTU,label
제주남부1,jejunambu1,ADCP_Bin 1 East West,ADCP 해류,cm/s,label
제주남부1,jejunambu1,ADCP_Bin 1 Error,ADCP 해류,,empty
제주남부1,jejunambu1,ADCP_Bin 1 North South,ADCP 해류,cm/s,label
제주남부1,jejunambu1,ADCP_Bin 1 Vert,ADCP 해류,cm/s,label
제주남부1,jejunambu1,ADCP_Bin 10 East West,ADCP 해류,cm/s,label
제주남부1,jejunambu1,ADCP_Bin 10 Error,ADCP 해류,,empty
제주남부1,jejunambu1,ADCP_Bin 10 North South,ADCP 해류,cm/s,label
제주남부1,jejunambu1,ADCP_Bin 10 Vert,ADCP 해류,cm/s,label
제주남부1,jejunambu1,ADCP_Bin 11 East West,ADCP 해류,cm/s,label
제주남부1,jejunambu1,ADCP_Bin 11 Error,ADCP 해류,,empty
제주남부1,jejunambu1,ADCP_Bin 11 North South,ADCP 해류,cm/s,label
제주남부1,jejunambu1,ADCP_Bin 11 Vert,ADCP 해류,cm/s,label
제주남부1,jejunambu1,ADCP_Bin 12 East West,ADCP 해류,cm/s,label
제주남부1,jejunambu1,ADCP_Bin 12 Error,ADCP 해류,,empty
제주남부1,jejunambu1,ADCP_Bin 12 North South,ADCP 해류,cm/s,label
제주남부1,jejunambu1,ADCP_Bin 12 Vert,ADCP 해류,cm/s,label
제주남부1,jejunambu1,ADCP_Bin 13 East West,ADCP 해류,cm/s,label
제주남부1,jejunambu1,ADCP_Bin 13 Error,ADCP 해류,,empty
제주남부1,jejunambu1,ADCP_Bin 13 North South,ADCP 해류,cm/s,label
제주남부1,jejunambu1,ADCP_Bin 13 Vert,ADCP 해류,cm/s,label
제주남부1,jejunambu1,ADCP_Bin 14 East West,ADCP 해류,cm/s,label
제주남부1,jejunambu1,ADCP_Bin 14 Error,ADCP 해류,,empty
제주남부1,jejunambu1,ADCP_Bin 14 North South,ADCP 해류,cm/s,label
제주남부1,jejunambu1,ADCP_Bin 14 Vert,ADCP 해류,cm/s,label
제주남부1,jejunambu1,ADCP_Bin 15 East West,ADCP 해류,cm/s,label
제주남부1,jejunambu1,ADCP_Bin 15 Error,ADCP 해류,,empty
제주남부1,jejunambu1,ADCP_Bin 15 North South,ADCP 해류,cm/s,label
제주남부1,jejunambu1,ADCP_Bin 15 Vert,ADCP 해류,cm/s,label
제주남부1,jejunambu1,ADCP_Bin 16 East West,ADCP 해류,cm/s,label
제주남부1,jejunambu1,ADCP_Bin 16 Error,ADCP 해류,,empty
제주남부1,jejunambu1,ADCP_Bin 16 North South,ADCP 해류,cm/s,label
제주남부1,jejunambu1,ADCP_Bin 16 Vert,ADCP 해류,cm/s,label
제주남부1,jejunambu1,ADCP_Bin 17 East West,ADCP 해류,cm/s,label
제주남부1,jejunambu1,ADCP_Bin 17 Error,ADCP 해류,,empty
제주남부1,jejunambu1,ADCP_Bin 17 North South,ADCP 해류,cm/s,label
제주남부1,jejunambu1,ADCP_Bin 17 Vert,ADCP 해류,cm/s,label
제주남부1,jejunambu1,ADCP_Bin 18 East West,ADCP 해류,cm/s,label
제주남부1,jejunambu1,ADCP_Bin 18 Error,ADCP 해류,,empty
제주남부1,jejunambu1,ADCP_Bin 18 North South,ADCP 해류,cm/s,label
제주남부1,jejunambu1,ADCP_Bin 18 Vert,ADCP 해류,cm/s,label
제주남부1,jejunambu1,ADCP_Bin 19 East West,ADCP 해류,cm/s,label
제주남부1,jejunambu1,ADCP_Bin 19 Error,ADCP 해류,,empty
제주남부1,jejunambu1,ADCP_Bin 19 North South,ADCP 해류,cm/s,label
제주남부1,jejunambu1,ADCP_Bin 19 Vert,ADCP 해류,cm/s,label
제주남부1,jejunambu1,ADCP_Bin 2 East West,ADCP 해류,cm/s,label
제주남부1,jejunambu1,ADCP_Bin 2 Error,ADCP 해류,,empty
제주남부1,jejunambu1,ADCP_Bin 2 North South,ADCP 해류,cm/s,label
제주남부1,jejunambu1,ADCP_Bin 2 Vert,ADCP 해류,cm/s,label
제주남부1,jejunambu1,ADCP_Bin 20 East West,ADCP 해류,cm/s,label
제주남부1,jejunambu1,ADCP_Bin 20 Error,ADCP 해류,,empty
제주남부1,jejunambu1,ADCP_Bin 20 North South,ADCP 해류,cm/s,label
제주남부1,jejunambu1,ADCP_Bin 20 Vert,ADCP 해류,cm/s,label
제주남부1,jejunambu1,ADCP_Bin 21 East West,ADCP 해류,cm/s,label
제주남부1,jejunambu1,ADCP_Bin 21 Error,ADCP 해류,,empty
제주남부1,jejunambu1,ADCP_Bin 21 North South,ADCP 해류,cm/s,label
제주남부1,jejunambu1,ADCP_Bin 21 Vert,ADCP 해류,cm/s,label
제주남부1,jejunambu1,ADCP_Bin 22 East West,ADCP 해류,cm/s,label
제주남부1,jejunambu1,ADCP_Bin 22 Error,ADCP 해류,,empty
제주남부1,jejunambu1,ADCP_Bin 22 North South,ADCP 해류,cm/s,label
제주남부1,jejunambu1,ADCP_Bin 22 Vert,ADCP 해류,cm/s,label
제주남부1,jejunambu1,ADCP_Bin 23 East West,ADCP 해류,cm/s,label
제주남부1,jejunambu1,ADCP_Bin 23 Error,ADCP 해류,,empty
제주남부1,jejunambu1,ADCP_Bin 23 North South,ADCP 해류,cm/s,label
제주남부1,jejunambu1,ADCP_Bin 23 Vert,ADCP 해류,cm/s,label
제주남부1,jejunambu1,ADCP_Bin 24 East West,ADCP 해류,cm/s,label
제주남부1,jejunambu1,ADCP_Bin 24 Error,ADCP 해류,,empty
제주남부1,jejunambu1,ADCP_Bin 24 North South,ADCP 해류,cm/s,label
제주남부1,jejunambu1,ADCP_Bin 24 Vert,ADCP 해류,cm/s,label
제주남부1,jejunambu1,ADCP_Bin 25 East West,ADCP 해류,cm/s,label
제주남부1,jejunambu1,ADCP_Bin 25 Error,ADCP 해류,,empty
제주남부1,jejunambu1,ADCP_Bin 25 North South,ADCP 해류,cm/s,label
제주남부1,jejunambu1,ADCP_Bin 25 Vert,ADCP 해류,cm/s,label
제주남부1,jejunambu1,ADCP_Bin 26 East West,ADCP 해류,cm/s,label
제주남부1,jejunambu1,ADCP_Bin 26 Error,ADCP 해류,,empty
제주남부1,jejunambu1,ADCP_Bin 26 North South,ADCP 해류,cm/s,label
제주남부1,jejunambu1,ADCP_Bin 26 Vert,ADCP 해류,cm/s,label
제주남부1,jejunambu1,ADCP_Bin 27 East West,ADCP 해류,cm/s,label
제주남부1,jejunambu1,ADCP_Bin 27 Error,ADCP 해류,,empty
제주남부1,jejunambu1,ADCP_Bin 27 North South,ADCP 해류,cm/s,label
제주남부1,jejunambu1,ADCP_Bin 27 Vert,ADCP 해류,cm/s,label
제주남부1,jejunambu1,ADCP_Bin 28 East West,ADCP 해류,cm/s,label
제주남부1,jejunambu1,ADCP_Bin 28 Error,ADCP 해류,,empty
제주남부1,jejunambu1,ADCP_Bin 28 North South,ADCP 해류,cm/s,label
제주남부1,jejunambu1,ADCP_Bin 28 Vert,ADCP 해류,cm/s,label
제주남부1,jejunambu1,ADCP_Bin 29 East West,ADCP 해류,cm/s,label
제주남부1,jejunambu1,ADCP_Bin 29 Error,ADCP 해류,,empty
제주남부1,jejunambu1,ADCP_Bin 29 North South,ADCP 해류,cm/s,label
제주남부1,jejunambu1,ADCP_Bin 29 Vert,ADCP 해류,cm/s,label
제주남부1,jejunambu1,ADCP_Bin 3 East West,ADCP 해류,cm/s,label
제주남부1,jejunambu1,ADCP_Bin 3 Error,ADCP 해류,,empty
제주남부1,jejunambu1,ADCP_Bin 3 North South,ADCP 해류,cm/s,label
제주남부1,jejunambu1,ADCP_Bin 3 Vert,ADCP 해류,cm/s,label
제주남부1,jejunambu1,ADCP_Bin 30 East West,ADCP 해류,cm/s,label
제주남부1,jejunambu1,ADCP_Bin 30 Error,ADCP 해류,,empty
제주남부1,jejunambu1,ADCP_Bin 30 North South,ADCP 해류,cm/s,label
제주남부1,jejunambu1,ADCP_Bin 30 Vert,ADCP 해류,cm/s,label
제주남부1,jejunambu1,ADCP_Bin 31 East West,ADCP 해류,cm/s,label
제주남부1,jejunambu1,ADCP_Bin 31 Error,ADCP 해류,,empty
제주남부1,jejunambu1,ADCP_Bin 31 North South,ADCP 해류,cm/s,label
제주남부1,jejunambu1,ADCP_Bin 31 Vert,ADCP 해류,cm/s,label
제주남부1,jejunambu1,ADCP_Bin 32 East West,ADCP 해류,cm/s,label
제주남부1,jejunambu1,ADCP_Bin 32 Error,ADCP 해류,,empty
제주남부1,jejunambu1,ADCP_Bin 32 North South,ADCP 해류,cm/s,label
제주남부1,jejunambu1,ADCP_Bin 32 Vert,ADCP 해류,cm/s,label
제주남부1,jejunambu1,ADCP_Bin 33 East West,ADCP 해류,cm/s,label
제주남부1,jejunambu1,ADCP_Bin 33 Error,ADCP 해류,,empty
제주남부1,jejunambu1,ADCP_Bin 33 North South,ADCP 해류,cm/s,label
제주남부1,jejunambu1,ADCP_Bin 33 Vert,ADCP 해류,cm/s,label
제주남부1,jejunambu1,ADCP_Bin 34 East West,ADCP 해류,cm/s,label
제주남부1,jejunambu1,ADCP_Bin 34 Error,ADCP 해류,,empty
제주남부1,jejunambu1,ADCP_Bin 34 North South,ADCP 해류,cm/s,label
제주남부1,jejunambu1,ADCP_Bin 34 Vert,ADCP 해류,cm/s,label
제주남부1,jejunambu1,ADCP_Bin 35 East West,ADCP 해류,cm/s,label
제주남부1,jejunambu1,ADCP_Bin 35 Error,ADCP 해류,,empty
제주남부1,jejunambu1,ADCP_Bin 35 North South,ADCP 해류,cm/s,label
제주남부1,jejunambu1,ADCP_Bin 35 Vert,ADCP 해류,cm/s,label
제주남부1,jejunambu1,ADCP_Bin 36 East West,ADCP 해류,cm/s,label
제주남부1,jejunambu1,ADCP_Bin 36 Error,ADCP 해류,,empty
제주남부1,jejunambu1,ADCP_Bin 36 North South,ADCP 해류,cm/s,label
제주남부1,jejunambu1,ADCP_Bin 36 Vert,ADCP 해류,cm/s,label
제주남부1,jejunambu1,ADCP_Bin 37 East West,ADCP 해류,cm/s,label
제주남부1,jejunambu1,ADCP_Bin 37 Error,ADCP 해류,,empty
제주남부1,jejunambu1,ADCP_Bin 37 North South,ADCP 해류,cm/s,label
제주남부1,jejunambu1,ADCP_Bin 37 Vert,ADCP 해류,cm/s,label
제주남부1,jejunambu1,ADCP_Bin 38 East West,ADCP 해류,cm/s,label
제주남부1,jejunambu1,ADCP_Bin 38 Error,ADCP 해류,,empty
제주남부1,jejunambu1,ADCP_Bin 38 North South,ADCP 해류,cm/s,label
제주남부1,jejunambu1,ADCP_Bin 38 Vert,ADCP 해류,cm/s,label
제주남부1,jejunambu1,ADCP_Bin 39 East West,ADCP 해류,cm/s,label
제주남부1,jejunambu1,ADCP_Bin 39 Error,ADCP 해류,,empty
제주남부1,jejunambu1,ADCP_Bin 39 North South,ADCP 해류,cm/s,label
제주남부1,jejunambu1,ADCP_Bin 39 Vert,ADCP 해류,cm/s,label
제주남부1,jejunambu1,ADCP_Bin 4 East West,ADCP 해류,cm/s,label
제주남부1,jejunambu1,ADCP_Bin 4 Error,ADCP 해류,,empty
제주남부1,jejunambu1,ADCP_Bin 4 North South,ADCP 해류,cm/s,label
제주남부1,jejunambu1,ADCP_Bin 4 Vert,ADCP 해류,cm/s,label
제주남부1,jejunambu1,ADCP_Bin 40 East West,ADCP 해류,cm/s,label
제주남부1,jejunambu1,ADCP_Bin 40 Error,ADCP 해류,,empty
제주남부1,jejunambu1,ADCP_Bin 40 North South,ADCP 해류,cm/s,label
제주남부1,jejunambu1,ADCP_Bin 40 Vert,ADCP 해류,cm/s,label
제주남부1,jejunambu1,ADCP_Bin 5 East West,ADCP 해류,cm/s,label
제주남부1,jejunambu1,ADCP_Bin 5 Error,ADCP 해류,,empty
제주남부1,jejunambu1,ADCP_Bin 5 North South,ADCP 해류,cm/s,label
제주남부1,jejunambu1,ADCP_Bin 5 Vert,ADCP 해류,cm/s,label
제주남부1,jejunambu1,ADCP_Bin 6 East West,ADCP 해류,cm/s,label
제주남부1,jejunambu1,ADCP_Bin 6 Error,ADCP 해류,,empty
제주남부1,jejunambu1,ADCP_Bin 6 North South,ADCP 해류,cm/s,label
제주남부1,jejunambu1,ADCP_Bin 6 Vert,ADCP 해류,cm/s,label
제주남부1,jejunambu1,ADCP_Bin 7 East West,ADCP 해류,cm/s,label
제주남부1,jejunambu1,ADCP_Bin 7 Error,ADCP 해류,,empty
제주남부1,jejunambu1,ADCP_Bin 7 North South,ADCP 해류,cm/s,label
제주남부1,jejunambu1,ADCP_Bin 7 Vert,ADCP 해류,cm/s,label
제주남부1,jejunambu1,ADCP_Bin 8 East West,ADCP 해류,cm/s,label
제주남부1,jejunambu1,ADCP_Bin 8 Error,ADCP 해류,,empty
제주남부1,jejunambu1,ADCP_Bin 8 North South,ADCP 해류,cm/s,label
제주남부1,jejunambu1,ADCP_Bin 8 Vert,ADCP 해류,cm/s,label
제주남부1,jejunambu1,ADCP_Bin 9 East West,ADCP 해류,cm/s,label
제주남부1,jejunambu1,ADCP_Bin 9 Error,ADCP 해류,,empty
제주남부1,jejunambu1,ADCP_Bin 9 North South,ADCP 해류,cm/s,label
제주남부1,jejunambu1,ADCP_Bin 9 Vert,ADCP 해류,cm/s,label
제주남부1,jejunambu1,ADCP_Heading,ADCP 해류,cm/s,label
제주남부1,jejunambu1,ADCP_Pitching,ADCP 해류,cm/s,label
제주남부1,jejunambu1,ADCP_Rolling,ADCP 해류,cm/s,label
제주남부1,jejunambu1,ADCP_Temp,ADCP 해류,cm/s,label
제주남부1,jejunambu1,CGR4 Converted data,복사량,W/m²,label
제주남부1,jejunambu1,CGR4 raw data,복사량,W/m²,label
제주남부1,jejunambu1,CMP21,복사량,W/m²,label
제주남부1,jejunambu1,CUV5,복사량,W/m²,label
제주남부1,jejunambu1,B Block Batt,배터리/전원,V,name
제주남부1,jejunambu1,부이전압(V),배터리/전원,V,name
제주남부1,jejunambu1,GPS quality,GPS,,empty
제주남부1,jejunambu1,GPS_Course deg,GPS,deg,name
제주남부1,jejunambu1,GPS_Number,GPS,,empty
제주남부1,jejunambu1,GPS_Speed (km/h),GPS,km/h,paren
제주남부1,jejunambu1,GPS_경도,GPS,deg,name
제주남부1,jejunambu1,GPS_날짜,GPS,,empty
제주남부1,jejunambu1,GPS_시간,GPS,,empty
제주남부1,jejunambu1,GPS_위도,GPS,deg,name
제주남부1,jejunambu1,Compass (deg),미분류,deg,paren
제주남부1,jejunambu1,Compass Option,미분류,,empty
제주남부1,jejunambu1,SBE37_Pressure,미분류,dbar,name
제주남부1,jejunambu1,SeaPhOX_CTD oxygen(ml/L),미분류,ml/L,paren
제주남부1,jejunambu1,SeaPhOX_CTD pres(dbar),미분류,dbar,paren
제주남부1,jejunambu1,SeaPhOX_RH (%),미분류,%,paren
제주남부1,jejunambu1,SeaPhOX_date,미분류,,empty
제주남부1,jejunambu1,WaveUnit_평균파고(m),미분류,m,paren
제주남부1,jejunambu1,WaveUnit_평균파주기(s),미분류,s,paren
제주남부1,jejunambu1,개폐S/R-1,미분류,,empty
제주남부1,jejunambu1,개폐S/R-2,미분류,,empty
제주남부1,jejunambu1,개폐S/R-3,미분류,,empty
제주남부1,jejunambu1,개폐S/R-4,미분류,,empty
제주남부1,jejunambu1,내부온도(℃,미분류,℃,name
제주남부1,jejunambu1,등명기,미분류,,empty
제주남부1,jejunambu1,시정값(m),미분류,m,paren
제주남부1,jejunambu1,온도센서,미분류,℃,name
제주남부1,jejunambu1,침수S/R-1,미분류,,empty
제주남부1,jejunambu1,침수S/R-2,미분류,,empty
제주남부1,jejunambu1,침수S/R-3,미분류,,empty
제주남부1,jejunambu1,침수S/R-4,미분류,,empty
동중국해1,dongchina1,온습도_대기온도1,기온,℃,label
동중국해1,dongchina1,온습도_대기온도2,기온,℃,label
동중국해1,dongchina1,내부습도(%),습도,%,paren
동중국해1,dongchina1,온습도_습도1,습도,%,label
동중국해1,dongchina1,온습도_습도2,습도,%,label
동중국해1,dongchina1,내부기압(0.1mbar),기압,0.1mbar,paren
동중국해1,dongchina1,온습도_기압,기압,hPa,label
동중국해1,dongchina1,온습도_기압2,기압,hPa,label
동중국해1,dongchina1,Wind1_Speed (m/s),풍속,m/s,paren
동중국해1,dongchina1,Wind2 Speed (m/s),풍속,m/s,paren
동중국해1,dongchina1,Wind1_Direction,풍향,deg,label
동중국해1,dongchina1,Wind2_Direction,풍향,deg,label
동중국해1,dongchina1,Wind1_GUST (m/s),돌풍,m/s,paren
동중국해1,dongchina1,Wind2 GUST (m/s),돌풍,m/s,paren
동중국해1,dongchina1,WaveUnit_유의파고(m),유의파고,m,paren
동중국해1,dongchina1,WaveUnit_유의파주기(s),유의파주기,s,paren
동중국해1,dongchina1,WaveUnit_최대파고(m),최대파고,m,paren
동중국해1,dongchina1,WaveUnit_최대파주기(s),최대파주기,s,paren
동중국해1,dongchina1,WaveUnit_파향(deg.),파향,deg,paren
동중국해1,dongchina1,SBE37_Temp(℃),수온,℃,paren
동중국해1,dongchina1,SeaPhOX Temp.,수온,℃,label
동중국해1,dongchina1,SeaPhOX_CTD Temp.,수온,℃,label
동중국해1,dongchina1,SeaPhOX_Internal Temp.,수온,℃,label
동중국해1,dongchina1,SBE37_Salinity,염분,psu,label
동중국해1,dongchina1,SeaPhOX_CTD salinity(psu),염분,psu,paren
동중국해1,dongchina1,SBE37_Cond(S/cm),전도도,S/cm,paren
동중국해1,dongchina1,SeaPhOX_CTD cond(S/m),전도도,S/m,paren
동중국해1,dongchina1,SeaPhOX_Ext PH,pH,,empty
동중국해1,dongchina1,SeaPhOX_Int PH,pH,,empty
동중국해1,dongchina1,FLNTUS_클로로필,클로로필,μg/L,label
동중국해1,dongchina1,FLNTUS_탁도,탁도,NTU,label
동중국해1,dongchina1,ADCP_Bin 1 East West,ADCP 해류,cm/s,label
동중국해1,dongchina1,ADCP_Bin 1 Error,ADCP 해류,,empty
동중국해1,dongchina1,ADCP_Bin 1 North South,ADCP 해류,cm/s,label
동중국해1,dongchina1,ADCP_Bin 1 Vert,ADCP 해류,cm/s,label
동중국해1,dongchina1,ADCP_Bin 10 East West,ADCP 해류,cm/s,label
동중국해1,dongchina1,ADCP_Bin 10 Error,ADCP 해류,,empty
동중국해1,dongchina1,ADCP_Bin 10 North South,ADCP 해류,cm/s,label
동중국해1,dongchina1,ADCP_Bin 10 Vert,ADCP 해류,cm/s,label
동중국해1,dongchina1,ADCP_Bin 11 East West,ADCP 해류,cm/s,label
동중국해1,dongchina1,ADCP_Bin 11 Error,ADCP 해류,,empty
동중국해1,dongchina1,ADCP_Bin 11 North South,ADCP 해류,cm/s,label
동중국해1,dongchina1,ADCP_Bin 11 Vert,ADCP 해류,cm/s,label
동중국해1,dongchina1,ADCP_Bin 12 East West,ADCP 해류,cm/s,label
동중국해1,dongchina1,ADCP_Bin 12 Error,ADCP 해류,,empty
동중국해1,dongchina1,ADCP_Bin 12 North South,ADCP 해류,cm/s,label
동중국해1,dongchina1,ADCP_Bin 12 Vert,ADCP 해류,cm/s,label
동중국해1,dongchina1,ADCP_Bin 13 East West,ADCP 해류,cm/s,label
동중국해1,dongchina1,ADCP_Bin 13 Error,ADCP 해류,,empty
동중국해1,dongchina1,ADCP_Bin 13 North South,ADCP 해류,cm/s,label
동중국해1,dongchina1,ADCP_Bin 13 Vert,ADCP 해류,cm/s,label
동중국해1,dongchina1,ADCP_Bin 14 East West,ADCP 해류,cm/s,label
동중국해1,dongchina1,ADCP_Bin 14 Error,ADCP 해류,,empty
동중국해1,dongchina1,ADCP_Bin 14 North South,ADCP 해류,cm/s,label
동중국해1,dongchina1,ADCP_Bin 14 Vert,ADCP 해류,cm/s,label
동중국해1,dongchina1,ADCP_Bin 15 East West,ADCP 해류,cm/s,label
동중국해1,dongchina1,ADCP_Bin 15 Error,ADCP 해류,,empty
동중국해1,dongchina1,ADCP_Bin 15 North South,ADCP 해류,cm/s,label
동중국해1,dongchina1,ADCP_Bin 15 Vert,ADCP 해류,cm/s,label
동중국해1,dongchina1,ADCP_Bin 16 East West,ADCP 해류,cm/s,label
동중국해1,dongchina1,ADCP_Bin 16 Error,ADCP 해류,,empty
동중국해1,dongchina1,ADCP_Bin 16 North South,ADCP 해류,cm/s,label
동중국해1,dongchina1,ADCP_Bin 16 Vert,ADCP 해류,cm/s,label
동중국해1,dongchina1,ADCP_Bin 17 East West,ADCP 해류,cm/s,label
동중국해1,dongchina1,ADCP_Bin 17 Error,ADCP 해류,,empty
동중국해1,dongchina1,ADCP_Bin 17 North South,ADCP 해류,cm/s,label
동중국해1,dongchina1,ADCP_Bin 17 Vert,ADCP 해류,cm/s,label
동중국해1,dongchina1,ADCP_Bin 18 East West,ADCP 해류,cm/s,label
동중국해1,dongchina1,ADCP_Bin 18 Error,ADCP 해류,,empty
동중국해1,dongchina1,ADCP_Bin 18 North South,ADCP 해류,cm/s,label
동중국해1,dongchina1,ADCP_Bin 18 Vert,ADCP 해류,cm/s,label
동중국해1,dongchina1,ADCP_Bin 19 East West,ADCP 해류,cm/s,label
동중국해1,dongchina1,ADCP_Bin 19 Error,ADCP 해류,,empty
동중국해1,dongchina1,ADCP_Bin 19 North South,ADCP 해류,cm/s,label
동중국해1,dongchina1,ADCP_Bin 19 Vert,ADCP 해류,cm/s,label
동중국해1,dongchina1,ADCP_Bin 2 East West,ADCP 해류,cm/s,label
동중국해1,dongchina1,ADCP_Bin 2 Error,ADCP 해류,,empty
동중국해1,dongchina1,ADCP_Bin 2 North South,ADCP 해류,cm/s,label
동중국해1,dongchina1,ADCP_Bin 2 Vert,ADCP 해류,cm/s,label
동중국해1,dongchina1,ADCP_Bin 20 East West,ADCP 해류,cm/s,label
동중국해1,dongchina1,ADCP_Bin 20 Error,ADCP 해류,,empty
동중국해1,dongchina1,ADCP_Bin 20 North South,ADCP 해류,cm/s,label
동중국해1,dongchina1,ADCP_Bin 20 Vert,ADCP 해류,cm/s,label
동중국해1,dongchina1,ADCP_Bin 21 East West,ADCP 해류,cm/s,label
동중국해1,dongchina1,ADCP_Bin 21 Error,ADCP 해류,,empty
동중국해1,dongchina1,ADCP_Bin 21 North South,ADCP 해류,cm/s,label
동중국해1,dongchina1,ADCP_Bin 21 Vert,ADCP 해류,cm/s,label
동중국해1,dongchina1,ADCP_Bin 22 East West,ADCP 해류,cm/s,label
동중국해1,dongchina1,ADCP_Bin 22 Error,ADCP 해류,,empty
동중국해1,dongchina1,ADCP_Bin 22 North South,ADCP 해류,cm/s,label
동중국해1,dongchina1,ADCP_Bin 22 Vert,ADCP 해류,cm/s,label
동중국해1,dongchina1,ADCP_Bin 23 East West,ADCP 해류,cm/s,label
동중국해1,dongchina1,ADCP_Bin 23 Error,ADCP 해류,,empty
동중국해1,dongchina1,ADCP_Bin 23 North South,ADCP 해류,cm/s,label
동중국해1,dongchina1,ADCP_Bin 23 Vert,ADCP 해류,cm/s,label
동중국해1,dongchina1,ADCP_Bin 24 East West,ADCP 해류,cm/s,label
동중국해1,dongchina1,ADCP_Bin 24 Error,ADCP 해류,,empty
동중국해1,dongchina1,ADCP_Bin 24 North South,ADCP 해류,cm/s,label
동중국해1,dongchina1,ADCP_Bin 24 Vert,ADCP 해류,cm/s,label
동중국해1,dongchina1,ADCP_Bin 25 East West,ADCP 해류,cm/s,label
동중국해1,dongchina1,ADCP_Bin 25 Error,ADCP 해류,,empty
동중국해1,dongchina1,ADCP_Bin 25 North South,ADCP 해류,cm/s,label
동중국해1,dongchina1,ADCP_Bin 25 Vert,ADCP 해류,cm/s,label
동중국해1,dongchina1,ADCP_Bin 26 East West,ADCP 해류,cm/s,label
동중국해1,dongchina1,ADCP_Bin 26 Error,ADCP 해류,,empty
동중국해1,dongchina1,ADCP_Bin 26 North South,ADCP 해류,cm/s,label
동중국해1,dongchina1,ADCP_Bin 26 Vert,ADCP 해류,cm/s,label
동중국해1,dongchina1,ADCP_Bin 27 East West,ADCP 해류,cm/s,label
동중국해1,dongchina1,ADCP_Bin 27 Error,ADCP 해류,,empty
동중국해1,dongchina1,ADCP_Bin 27 North South,ADCP 해류,cm/s,label
동중국해1,dongchina1,ADCP_Bin 27 Vert,ADCP 해류,cm/s,label
동중국해1,dongchina1,ADCP_Bin 28 East West,ADCP 해류,cm/s,label
동중국해1,dongchina1,ADCP_Bin 28 Error,ADCP 해류,,empty
동중국해1,dongchina1,ADCP_Bin 28 North South,ADCP 해류,cm/s,label
동중국해1,dongchina1,ADCP_Bin 28 Vert,ADCP 해류,cm/s,label
동중국해1,dongchina1,ADCP_Bin 29 East West,ADCP 해류,cm/s,label
동중국해1,dongchina1,ADCP_Bin 29 Error,ADCP 해류,,empty
동중국해1,dongchina1,ADCP_Bin 29 North South,ADCP 해류,cm/s,label
동중국해1,dongchina1,ADCP_Bin 29 Vert,ADCP 해류,cm/s,label
동중국해1,dongchina1,ADCP_Bin 3 East West,ADCP 해류,cm/s,label
동중국해1,dongchina1,ADCP_Bin 3 Error,ADCP 해류,,empty
동중국해1,dongchina1,ADCP_Bin 3 North South,ADCP 해류,cm/s,label
동중국해1,dongchina1,ADCP_Bin 3 Vert,ADCP 해류,cm/s,label
동중국해1,dongchina1,ADCP_Bin 30 East West,ADCP 해류,cm/s,label
동중국해1,dongchina1,ADCP_Bin 30 Error,ADCP 해류,,empty
동중국해1,dongchina1,ADCP_Bin 30 North South,ADCP 해류,cm/s,label
동중국해1,dongchina1,ADCP_Bin 30 Vert,ADCP 해류,cm/s,label
동중국해1,dongchina1,ADCP_Bin 31 East West,ADCP 해류,cm/s,label
동중국해1,dongchina1,ADCP_Bin 31 Error,ADCP 해류,,empty
동중국해1,dongchina1,ADCP_Bin 31 North South,ADCP 해류,cm/s,label
동중국해1,dongchina1,ADCP_Bin 31 Vert,ADCP 해류,cm/s,label
동중국해1,dongchina1,ADCP_Bin 32 East West,ADCP 해류,cm/s,label
동중국해1,dongchina1,ADCP_Bin 32 Error,ADCP 해류,,empty
동중국해1,dongchina1,ADCP_Bin 32 North South,ADCP 해류,cm/s,label
동중국해1,dongchina1,ADCP_Bin 32 Vert,ADCP 해류,cm/s,label
동중국해1,dongchina1,ADCP_Bin 33 East West,ADCP 해류,cm/s,label
동중국해1,dongchina1,ADCP_Bin 33 Error,ADCP 해류,,empty
동중국해1,dongchina1,ADCP_Bin 33 North South,ADCP 해류,cm/s,label
동중국해1,dongchina1,ADCP_Bin 33 Vert,ADCP 해류,cm/s,label
동중국해1,dongchina1,ADCP_Bin 34 East West,ADCP 해류,cm/s,label
동중국해1,dongchina1,ADCP_Bin 34 Error,ADCP 해류,,empty
동중국해1,dongchina1,ADCP_Bin 34 North South,ADCP 해류,cm/s,label
동중국해1,dongchina1,ADCP_Bin 34 Vert,ADCP 해류,cm/s,label
동중국해1,dongchina1,ADCP_Bin 35 East West,ADCP 해류,cm/s,label
동중국해1,dongchina1,ADCP_Bin 35 Error,ADCP 해류,,empty
동중국해1,dongchina1,ADCP_Bin 35 North South,ADCP 해류,cm/s,label
동중국해1,dongchina1,ADCP_Bin 35 Vert,ADCP 해류,cm/s,label
동중국해1,dongchina1,ADCP_Bin 36 East West,ADCP 해류,cm/s,label
동중국해1,dongchina1,ADCP_Bin 36 Error,ADCP 해류,,empty
동중국해1,dongchina1,ADCP_Bin 36 North South,ADCP 해류,cm/s,label
동중국해1,dongchina1,ADCP_Bin 36 Vert,ADCP 해류,cm/s,label
동중국해1,dongchina1,ADCP_Bin 37 East West,ADCP 해류,cm/s,label
동중국해1,dongchina1,ADCP_Bin 37 Error,ADCP 해류,,empty
동중국해1,dongchina1,ADCP_Bin 37 North South,ADCP 해류,cm/s,label
동중국해1,dongchina1,ADCP_Bin 37 Vert,ADCP 해류,cm/s,label
동중국해1,dongchina1,ADCP_Bin 38 East West,ADCP 해류,cm/s,label
동중국해1,dongchina1,ADCP_Bin 38 Error,ADCP 해류,,empty
동중국해1,dongchina1,ADCP_Bin 38 North South,ADCP 해류,cm/s,label
동중국해1,dongchina1,ADCP_Bin 38 Vert,ADCP 해류,cm/s,label
동중국해1,dongchina1,ADCP_Bin 39 East West,ADCP 해류,cm/s,label
동중국해1,dongchina1,ADCP_Bin 39 Error,ADCP 해류,,empty
동중국해1,dongchina1,ADCP_Bin 39 North South,ADCP 해류,cm/s,label
동중국해1,dongchina1,ADCP_Bin 39 Vert,ADCP 해류,cm/s,label
동중국해1,dongchina1,ADCP_Bin 4 East West,ADCP 해류,cm/s,label
동중국해1,dongchina1,ADCP_Bin 4 Error,ADCP 해류,,empty
동중국해1,dongchina1,ADCP_Bin 4 North South,ADCP 해류,cm/s,label
동중국해1,dongchina1,ADCP_Bin 4 Vert,ADCP 해류,cm/s,label
동중국해1,dongchina1,ADCP_Bin 40 East West,ADCP 해류,cm/s,label
동중국해1,dongchina1,ADCP_Bin 40 Error,ADCP 해류,,empty
동중국해1,dongchina1,ADCP_Bin 40 North South,ADCP 해류,cm/s,label
동중국해1,dongchina1,ADCP_Bin 40 Vert,ADCP 해류,cm/s,label
동중국해1,dongchina1,ADCP_Bin 5 East West,ADCP 해류,cm/s,label
동중국해1,dongchina1,ADCP_Bin 5 Error,ADCP 해류,,empty
동중국해1,dongchina1,ADCP_Bin 5 North South,ADCP 해류,cm/s,label
동중국해1,dongchina1,ADCP_Bin 5 Vert,ADCP 해류,cm/s,label
동중국해1,dongchina1,ADCP_Bin 6 East West,ADCP 해류,cm/s,label
동중국해1,dongchina1,ADCP_Bin 6 Error,ADCP 해류,,empty
동중국해1,dongchina1,ADCP_Bin 6 North South,ADCP 해류,cm/s,label
동중국해1,dongchina1,ADCP_Bin 6 Vert,ADCP 해류,cm/s,label
동중국해1,dongchina1,ADCP_Bin 7 East West,ADCP 해류,cm/s,label
동중국해1,dongchina1,ADCP_Bin 7 Error,ADCP 해류,,empty
동중국해1,dongchina1,ADCP_Bin 7 North South,ADCP 해류,cm/s,label
동중국해1,dongchina1,ADCP_Bin 7 Vert,ADCP 해류,cm/s,label
동중국해1,dongchina1,ADCP_Bin 8 East West,ADCP 해류,cm/s,label
동중국해1,dongchina1,ADCP_Bin 8 Error,ADCP 해류,,empty
동중국해1,dongchina1,ADCP_Bin 8 North South,ADCP 해류,cm/s,label
동중국해1,dongchina1,ADCP_Bin 8 Vert,ADCP 해류,cm/s,label
동중국해1,dongchina1,ADCP_Bin 9 East West,ADCP 해류,cm/s,label
동중국해1,dongchina1,ADCP_Bin 9 Error,ADCP 해류,,empty
동중국해1,dongchina1,ADCP_Bin 9 North South,ADCP 해류,cm/s,label
동중국해1,dongchina1,ADCP_Bin 9 Vert,ADCP 해류,cm/s,label
동중국해1,dongchina1,ADCP_Heading,ADCP 해류,cm/s,label
동중국해1,dongchina1,ADCP_Pitching,ADCP 해류,cm/s,label
동중국해1,dongchina1,ADCP_Rolling,ADCP 해류,cm/s,label
동중국해1,dongchina1,ADCP_Temp,ADCP 해류,cm/s,label
동중국해1,dongchina1,CGR4 Converted data,복사량,W/m²,label
동중국해1,dongchina1,CGR4 raw data,복사량,W/m²,label
동중국해1,dongchina1,CMP21,복사량,W/m²,label
동중국해1,dongchina1,CUV5,복사량,W/m²,label
동중국해1,dongchina1,B Block Batt,배터리/전원,V,name
동중국해1,dongchina1,부이전압(V),배터리/전원,V,name
동중국해1,dongchina1,GPS quality,GPS,,empty
동중국해1,dongchina1,GPS_Course deg,GPS,deg,name
동중국해1,dongchina1,GPS_Number,GPS,,empty
동중국해1,dongchina1,GPS_Speed (km/h),GPS,km/h,paren
동중국해1,dongchina1,GPS_경도,GPS,deg,name
동중국해1,dongchina1,GPS_날짜,GPS,,empty
동중국해1,dongchina1,GPS_시간,GPS,,empty
동중국해1,dongchina1,GPS_위도,GPS,deg,name
동중국해1,dongchina1,Compass (deg),미분류,deg,paren
동중국해1,dongchina1,Compass Option,미분류,,empty
동중국해1,dongchina1,SBE37_Pressure,미분류,dbar,name
동중국해1,dongchina1,SeaPhOX_CTD oxygen(ml/L),미분류,ml/L,paren
동중국해1,dongchina1,SeaPhOX_CTD pres(dbar),미분류,dbar,paren
동중국해1,dongchina1,SeaPhOX_RH (%),미분류,%,paren
동중국해1,dongchina1,SeaPhOX_date,미분류,,empty
동중국해1,dongchina1,WaveUnit_평균파고(m),미분류,m,paren
동중국해1,dongchina1,WaveUnit_평균파주기(s),미분류,s,paren
동중국해1,dongchina1,개폐S/R-1,미분류,,empty
동중국해1,dongchina1,개폐S/R-2,미분류,,empty
동중국해1,dongchina1,개폐S/R-3,미분류,,empty
동중국해1,dongchina1,개폐S/R-4,미분류,,empty
동중국해1,dongchina1,내부온도(℃,미분류,℃,name
동중국해1,dongchina1,등명기,미분류,,empty
동중국해1,dongchina1,시정값(m),미분류,m,paren
동중국해1,dongchina1,온도센서,미분류,℃,name
동중국해1,dongchina1,침수S/R-1,미분류,,empty
동중국해1,dongchina1,침수S/R-2,미분류,,empty
동중국해1,dongchina1,침수S/R-3,미분류,,empty
동중국해1,dongchina1,침수S/R-4,미분류,,empty
본원(영도),bonwon,temp,기온,℃,label
본원(영도),bonwon,RH,습도,%,label
본원(영도),bonwon,pres,기압,hPa,label
본원(영도),bonwon,w_spd,풍속,m/s,label
본원(영도),bonwon,w_dir,풍향,deg,label
본원(영도),bonwon,g_spd,돌풍,m/s,label
본원(영도),bonwon,volt,배터리/전원,V,name
본원(영도),bonwon,g_dir,미분류,deg,name
